Workbook

Sheet Your RACI
A1: Product Security Program RACI
A2: Your RACI · Fill in R, A, C, I or A/R for each activity (dropdowns). Exactly one A (or A/R) per row. See the 'How to use' sheet.
A3: Organization / product: | G3: Date:
A4: R = Responsible (does the work) · A = Accountable (owns the outcome; exactly one per row) · C = Consulted (gives input before) · I = Informed (told after) · A/R = accountable and does the work
A5: # | B5: Activity | C5: Product owner | D5: Program manager | E5: Engineering | F5: Product security | G5: Quality & regulatory | H5: Clinical | I5: Service & support | J5: Sales & customer-facing | K5: Supply chain | L5: Other (rename) | M5: A count (auto) | N5: Check (auto) | O5: Differs from typical (auto)
A6: Premarket
A7: 1 | B7: Decide whether a new feature or design change affects security, and bring in product security | M7: =COUNTIF(C7:L7,"A")+COUNTIF(C7:L7,"A/R") | N7: =IF(COUNTA(C7:L7)=0,"",IF(M7=0,"No A",IF(M7>1,"More than one A","OK"))) | O7: =IF(COUNTA(C7:L7)=0,"",SUMPRODUCT((C7:K7<>'Typical reference'!C7:K7)*1))
A8: 2 | B8: Plan security activities and deliverables into the project schedule | M8: =COUNTIF(C8:L8,"A")+COUNTIF(C8:L8,"A/R") | N8: =IF(COUNTA(C8:L8)=0,"",IF(M8=0,"No A",IF(M8>1,"More than one A","OK"))) | O8: =IF(COUNTA(C8:L8)=0,"",SUMPRODUCT((C8:K8<>'Typical reference'!C8:K8)*1))
A9: 3 | B9: Threat model the product and assess security risk | M9: =COUNTIF(C9:L9,"A")+COUNTIF(C9:L9,"A/R") | N9: =IF(COUNTA(C9:L9)=0,"",IF(M9=0,"No A",IF(M9>1,"More than one A","OK"))) | O9: =IF(COUNTA(C9:L9)=0,"",SUMPRODUCT((C9:K9<>'Typical reference'!C9:K9)*1))
A10: 4 | B10: Define security requirements and trace them to tests | M10: =COUNTIF(C10:L10,"A")+COUNTIF(C10:L10,"A/R") | N10: =IF(COUNTA(C10:L10)=0,"",IF(M10=0,"No A",IF(M10>1,"More than one A","OK"))) | O10: =IF(COUNTA(C10:L10)=0,"",SUMPRODUCT((C10:K10<>'Typical reference'!C10:K10)*1))
A11: 5 | B11: Select third-party and open-source components and keep the SBOM current | M11: =COUNTIF(C11:L11,"A")+COUNTIF(C11:L11,"A/R") | N11: =IF(COUNTA(C11:L11)=0,"",IF(M11=0,"No A",IF(M11>1,"More than one A","OK"))) | O11: =IF(COUNTA(C11:L11)=0,"",SUMPRODUCT((C11:K11<>'Typical reference'!C11:K11)*1))
A12: 6 | B12: Run security testing, including penetration testing | M12: =COUNTIF(C12:L12,"A")+COUNTIF(C12:L12,"A/R") | N12: =IF(COUNTA(C12:L12)=0,"",IF(M12=0,"No A",IF(M12>1,"More than one A","OK"))) | O12: =IF(COUNTA(C12:L12)=0,"",SUMPRODUCT((C12:K12<>'Typical reference'!C12:K12)*1))
A13: 7 | B13: Prepare the cybersecurity content of the regulatory submission | M13: =COUNTIF(C13:L13,"A")+COUNTIF(C13:L13,"A/R") | N13: =IF(COUNTA(C13:L13)=0,"",IF(M13=0,"No A",IF(M13>1,"More than one A","OK"))) | O13: =IF(COUNTA(C13:L13)=0,"",SUMPRODUCT((C13:K13<>'Typical reference'!C13:K13)*1))
A14: Postmarket
A15: 8 | B15: Receive and triage vulnerability reports (PSIRT) | M15: =COUNTIF(C15:L15,"A")+COUNTIF(C15:L15,"A/R") | N15: =IF(COUNTA(C15:L15)=0,"",IF(M15=0,"No A",IF(M15>1,"More than one A","OK"))) | O15: =IF(COUNTA(C15:L15)=0,"",SUMPRODUCT((C15:K15<>'Typical reference'!C15:K15)*1))
A16: 9 | B16: Assess a vulnerability's patient-safety impact (controlled or uncontrolled risk) | M16: =COUNTIF(C16:L16,"A")+COUNTIF(C16:L16,"A/R") | N16: =IF(COUNTA(C16:L16)=0,"",IF(M16=0,"No A",IF(M16>1,"More than one A","OK"))) | O16: =IF(COUNTA(C16:L16)=0,"",SUMPRODUCT((C16:K16<>'Typical reference'!C16:K16)*1))
A17: 10 | B17: Communicate with customers about a vulnerability and its mitigations | M17: =COUNTIF(C17:L17,"A")+COUNTIF(C17:L17,"A/R") | N17: =IF(COUNTA(C17:L17)=0,"",IF(M17=0,"No A",IF(M17>1,"More than one A","OK"))) | O17: =IF(COUNTA(C17:L17)=0,"",SUMPRODUCT((C17:K17<>'Typical reference'!C17:K17)*1))
A18: 11 | B18: Answer hospital security questionnaires and provide the MDS2 form | M18: =COUNTIF(C18:L18,"A")+COUNTIF(C18:L18,"A/R") | N18: =IF(COUNTA(C18:L18)=0,"",IF(M18=0,"No A",IF(M18>1,"More than one A","OK"))) | O18: =IF(COUNTA(C18:L18)=0,"",SUMPRODUCT((C18:K18<>'Typical reference'!C18:K18)*1))
A19: Program
A20: 12 | B20: Decide and announce a product's end of support | M20: =COUNTIF(C20:L20,"A")+COUNTIF(C20:L20,"A/R") | N20: =IF(COUNTA(C20:L20)=0,"",IF(M20=0,"No A",IF(M20>1,"More than one A","OK"))) | O20: =IF(COUNTA(C20:L20)=0,"",SUMPRODUCT((C20:K20<>'Typical reference'!C20:K20)*1))
A21: 13 | B21: Include security requirements in supplier contracts | M21: =COUNTIF(C21:L21,"A")+COUNTIF(C21:L21,"A/R") | N21: =IF(COUNTA(C21:L21)=0,"",IF(M21=0,"No A",IF(M21>1,"More than one A","OK"))) | O21: =IF(COUNTA(C21:L21)=0,"",SUMPRODUCT((C21:K21<>'Typical reference'!C21:K21)*1))
A22: Your additions (optional): add activities your program needs
M23: =COUNTIF(C23:L23,"A")+COUNTIF(C23:L23,"A/R") | N23: =IF(COUNTA(C23:L23)=0,"",IF(M23=0,"No A",IF(M23>1,"More than one A","OK")))
M24: =COUNTIF(C24:L24,"A")+COUNTIF(C24:L24,"A/R") | N24: =IF(COUNTA(C24:L24)=0,"",IF(M24=0,"No A",IF(M24>1,"More than one A","OK")))
M25: =COUNTIF(C25:L25,"A")+COUNTIF(C25:L25,"A/R") | N25: =IF(COUNTA(C25:L25)=0,"",IF(M25=0,"No A",IF(M25>1,"More than one A","OK")))
M26: =COUNTIF(C26:L26,"A")+COUNTIF(C26:L26,"A/R") | N26: =IF(COUNTA(C26:L26)=0,"",IF(M26=0,"No A",IF(M26>1,"More than one A","OK")))
M27: =COUNTIF(C27:L27,"A")+COUNTIF(C27:L27,"A/R") | N27: =IF(COUNTA(C27:L27)=0,"",IF(M27=0,"No A",IF(M27>1,"More than one A","OK")))
M28: =COUNTIF(C28:L28,"A")+COUNTIF(C28:L28,"A/R") | N28: =IF(COUNTA(C28:L28)=0,"",IF(M28=0,"No A",IF(M28>1,"More than one A","OK")))
B30: Check flags a row with no A or more than one A. 'Differs from typical' counts cells that differ from the 'Typical reference' sheet: a discussion point, not an error. Grey columns calculate; don't type in them.

Sheet Typical reference
A1: Product Security Program RACI: typical reference
A2: One typical split for a medical device manufacturer. Organizations differ: use it to start a discussion, not as the answer.
A4: R = Responsible (does the work) · A = Accountable (owns the outcome; exactly one per row) · C = Consulted (gives input before) · I = Informed (told after) · A/R = accountable and does the work
A5: # | B5: Activity | C5: Product owner | D5: Program manager | E5: Engineering | F5: Product security | G5: Quality & regulatory | H5: Clinical | I5: Service & support | J5: Sales & customer-facing | K5: Supply chain | L5: A count (auto) | M5: Check (auto) | N5: Why it often looks like this
A6: Premarket
A7: 1 | B7: Decide whether a new feature or design change affects security, and bring in product security | C7: A | D7: I | E7: R | F7: C | L7: =COUNTIF(C7:K7,"A")+COUNTIF(C7:K7,"A/R") | M7: =IF(COUNTA(C7:K7)=0,"",IF(L7=0,"No A",IF(L7>1,"More than one A","OK"))) | N7: The product owner owns the decision to engage; engineers usually spot the change first. Many organizations make this a checklist item at design reviews.
A8: 2 | B8: Plan security activities and deliverables into the project schedule | C8: A | D8: R | E8: C | F8: C | G8: C | L8: =COUNTIF(C8:K8,"A")+COUNTIF(C8:K8,"A/R") | M8: =IF(COUNTA(C8:K8)=0,"",IF(L8=0,"No A",IF(L8>1,"More than one A","OK"))) | N8: Security work that isn't on the schedule gets squeezed out. Program management owns the plan; product security says what's needed.
A9: 3 | B9: Threat model the product and assess security risk | C9: I | E9: R | F9: A | G9: C | H9: C | L9: =COUNTIF(C9:K9,"A")+COUNTIF(C9:K9,"A/R") | M9: =IF(COUNTA(C9:K9)=0,"",IF(L9=0,"No A",IF(L9>1,"More than one A","OK"))) | N9: Product security usually leads, but engineers who know the design do much of the work. Clinical input on harm matters. Some organizations make engineering accountable, with product security reviewing.
A10: 4 | B10: Define security requirements and trace them to tests | C10: A | E10: R | F10: C | G10: C | L10: =COUNTIF(C10:K10,"A")+COUNTIF(C10:K10,"A/R") | M10: =IF(COUNTA(C10:K10)=0,"",IF(L10=0,"No A",IF(L10>1,"More than one A","OK"))) | N10: Requirements belong to the product, so they follow the normal requirements process; product security advises on content.
A11: 5 | B11: Select third-party and open-source components and keep the SBOM current | E11: A/R | F11: C | G11: I | K11: C | L11: =COUNTIF(C11:K11,"A")+COUNTIF(C11:K11,"A/R") | M11: =IF(COUNTA(C11:K11)=0,"",IF(L11=0,"No A",IF(L11>1,"More than one A","OK"))) | N11: Engineering chooses components and maintains the SBOM; product security reviews risk; supply chain covers commercial suppliers.
A12: 6 | B12: Run security testing, including penetration testing | E12: R | F12: A | G12: I | L12: =COUNTIF(C12:K12,"A")+COUNTIF(C12:K12,"A/R") | M12: =IF(COUNTA(C12:K12)=0,"",IF(L12=0,"No A",IF(L12>1,"More than one A","OK"))) | N12: Often product security or an independent tester performs penetration testing; engineering runs security requirements tests.
A13: 7 | B13: Prepare the cybersecurity content of the regulatory submission | D13: I | E13: C | F13: R | G13: A | L13: =COUNTIF(C13:K13,"A")+COUNTIF(C13:K13,"A/R") | M13: =IF(COUNTA(C13:K13)=0,"",IF(L13=0,"No A",IF(L13>1,"More than one A","OK"))) | N13: Regulatory owns the submission; product security writes or assembles most of the security content.
A14: Postmarket
A15: 8 | B15: Receive and triage vulnerability reports (PSIRT) | E15: C | F15: A/R | G15: C | I15: I | J15: I | L15: =COUNTIF(C15:K15,"A")+COUNTIF(C15:K15,"A/R") | M15: =IF(COUNTA(C15:K15)=0,"",IF(L15=0,"No A",IF(L15>1,"More than one A","OK"))) | N15: Most organizations have a PSIRT within or alongside product security. Service and sales need to know where to send anything they hear.
A16: 9 | B16: Assess a vulnerability's patient-safety impact (controlled or uncontrolled risk) | E16: C | F16: R | G16: A | H16: C | L16: =COUNTIF(C16:K16,"A")+COUNTIF(C16:K16,"A/R") | M16: =IF(COUNTA(C16:K16)=0,"",IF(L16=0,"No A",IF(L16>1,"More than one A","OK"))) | N16: The safety risk owner, often in quality, is accountable for the risk file; product security brings the exploitability view.
A17: 10 | B17: Communicate with customers about a vulnerability and its mitigations | C17: A | F17: R | G17: C | I17: C | J17: C | L17: =COUNTIF(C17:K17,"A")+COUNTIF(C17:K17,"A/R") | M17: =IF(COUNTA(C17:K17)=0,"",IF(L17=0,"No A",IF(L17>1,"More than one A","OK"))) | N17: This varies widely. Some organizations make product security or a communications team accountable. Everyone customer-facing should use the same approved message.
A18: 11 | B18: Answer hospital security questionnaires and provide the MDS2 form | E18: C | F18: A | I18: C | J18: R | L18: =COUNTIF(C18:K18,"A")+COUNTIF(C18:K18,"A/R") | M18: =IF(COUNTA(C18:K18)=0,"",IF(L18=0,"No A",IF(L18>1,"More than one A","OK"))) | N18: Sales usually runs the process with the customer; product security owns the accuracy of the answers.
A19: Program
A20: 12 | B20: Decide and announce a product's end of support | C20: A | D20: R | F20: C | G20: C | I20: C | J20: I | L20: =COUNTIF(C20:K20,"A")+COUNTIF(C20:K20,"A/R") | M20: =IF(COUNTA(C20:K20)=0,"",IF(L20=0,"No A",IF(L20>1,"More than one A","OK"))) | N20: End of support is a business decision with security and regulatory consequences. Customers need it well in advance.
A21: 13 | B21: Include security requirements in supplier contracts | F21: C | G21: C | K21: A/R | L21: =COUNTIF(C21:K21,"A")+COUNTIF(C21:K21,"A/R") | M21: =IF(COUNTA(C21:K21)=0,"",IF(L21=0,"No A",IF(L21>1,"More than one A","OK"))) | N21: Supply chain owns contracts; product security defines what suppliers must do, such as notifying you about vulnerabilities in their components.
B23: Source: Product Security in One Hour (CC BY 4.0). Blank = not usually involved.

Sheet How to use
B1: Product Security Program RACI: how to use
B2: A starting point for writing down who does what in your product security program.
B4: What RACI means | C4: R Responsible: does the work. A row can have several. A Accountable: owns the outcome and makes the final call. Exactly one per row. C Consulted: gives input before the work is done. I Informed: told about the outcome. A/R Accountable and also does the work (common for small, focused activities).
B5: 1. Adapt the roles | C5: Rename the role headings on 'Your RACI' to match your organization. Use the grey 'Other (rename)' column for a role you need that isn't listed (legal, communications, IT security, a contract manufacturer), or leave it empty.
B6: 2. Fill in your grid | C6: For each activity, choose from the dropdown. Start with the A: who owns the outcome? Then mark who does the work (R). Add C and I sparingly; a row full of C slows decisions down.
B7: 3. Read the Check column | C7: 'No A' means nobody owns the outcome, which is the most common gap. 'More than one A' means ownership is split; pick one owner and make the others R or C. 'OK' means exactly one A or A/R.
B8: 4. Compare, then discuss | C8: Open 'Typical reference' to see one common split and why. 'Differs from typical' counts the cells where your row is different. Differences are discussion points, not errors: organizations differ in size, structure and products, and your answer may be right for you.
B9: 5. Add your own activities | C9: Use the 'Your additions' rows for activities your program needs, such as security training, incident response with hospitals, or managing a contract manufacturer. The Check column works there too.
B10: 6. Agree it and keep it | C10: Review the grid with the people named in it, adjust, and store it with your organization's procedure. Revisit it when the organization or the product changes.
B11: Rules of thumb | C11: One A per row. The A needs the authority to decide, not just the expertise. Product security is often consulted or responsible rather than accountable for product and regulatory decisions. Don't forget service, sales and supply chain: much of what product security needs to know reaches the company through them.
B12: About this template | C12: From Product Security in One Hour, a free course (CC BY 4.0): mjhillyer.github.io/Product-Security-in-One-Hour. Training template: adapt it to your organization. It isn't legal or regulatory advice. In-depth training: Matt Hillyer LLC, matt@matthillyer.io.
